910,187,881
482,512,750
680,697,145
335,155,436
106,884,831
211,345,470
779,238,316
847,712,537
922,433,740
832,677,404
548,888,145
224,483,946
675,614,628
465,253,787
504,888,475
316,106,839
572,197,527
270,876,597
223,551,613
855,246,705
482,823,457
412,787,947
506,914,661
663,280,381
86,304,449
103,223,40
953,718,492
864,850,135
644,304,81
126,234,999
671,88,873
552,31,978
591,896,325
809,623,923
930,152,572
971,340,411
561,78,494
513,429,395
18,472,452
555,262,757
222,967,939
170,365,421
826,183,371
63,715,356
625,622,125
282,422,855
1000,763,262
690,307,626
249,661,378
243,972,445
207,369,958
992,899,493
218,255,820
896,562,448
25,954,203
166,937,911
542,666,565
622,874,491
923,562,827
598,376,646
586,786,749
25,242,524
587,495,694
79,225,26
352,577,844
64,756,764
812,732,454
80,61,53
720,84,993
572,598,707
592,304,986
118,187,627
507,704,140
172,997,843
775,696,323
575,689,709
933,532,138
569,609,647
958,316,953
319,505,771
286,114,20
840,635,17
697,108,864
143,231,724
287,312,111
284,139,198
30,982,152
404,310,634
375,365,826
129,453,313
497,699,699
23,841,489
917,704,265
202,875,387
918,252,513
905,226,259
613,223,702
534,459,662
143,236,88
201,99,24
673,282,630
